Email,Name,Password
s@gmail.com,Shankar Jadhav,passpass
shankarj888@gmail.com,Shankar Jadhav,helloworld
shankarj888@gmail.com,Shankar Jadhav,helloworld
shankar@gmail.com,Shankar,hello
shankar@gmail.com,Shankar,hello
shankar@gmail.com,Shankar,hello
shankar@gmail.com,shankar,hellohello
shankar@gmail.com,shankar,shankar
shankar,shankar,shankar
shankar,shankar,shankar
shankar,shankar,shankar
shankar,shankar,shankar
shankar,shankar,shankar
shankar,shankar,shankar
ketan@gmail.com,Ketan,ketan123
ketan@gmail.com,Ketan,ketan123
ketan@gmail.com,Ketan,ketan123
ketan@gmail.com,Ketan,ketan123
ketan@gmail.com,kean,ketan
ketan@gmail.com,kean,ketan
ketan@gmail.com,kean,ketan
ketan@gmail.com,kean,ketan
ketan@gmail.com,kean,ketan
ketan@gmail.com,kean,ketan
ketan@gmail.com,kean,ketan
ketan@gmail.com,kean,ketan
ketan@gmail.com,kean,ketan
ketan@gmail.com,kean,ketan
ketan@gmail.com,kean,ketan
ketan@gmail.com,kean,ketan
ketan@gmail.com,kean,ketan
ketan@gmail.com,kean,ketan
ketan@gmail.com,kean,ketan
ketan@gmail.com,kean,ketan
ketan@gmail.com,kean,ketan
ketan@gmail.com,kean,ketan
ketan@gmail.com,kean,ketan
ketan@gmail.com,kean,ketan
ketan@gmail.com,kean,ketan
ketan@gmail.com,kean,ketan
ketan@gmail.com,kean,ketan
ketan@gmail.com,kean,ketan
ketan@gmail.com,kean,ketan
ketan@gmail.com,kean,ketan
ketan@gmail.com,kean,ketan
ketan@gmail.com,ketan,ketan
ketan12@gmail.com,ketan,ketan
ketan1@gmail.com,Ketan,Ketan
sonu@gmail.com,Sonu,ketan
sonu@gmail.com,Sonu,ketan
rahul@gmail.com,rahul,rahul
rohan@gmail.com,rohan,rohan
